<?xml version="1.0" encoding="UTF-8"?>
<Authors>
	
		<Author Id="7q7sgcn0af79au" DateModified="2013-06-20T13:52+01:00">
			<NameFirst>Wojciech</NameFirst>
			<NameLast>Adamek</NameLast>
		</Author>
	
		<Author Id="th0rpp905qbg5p" DateModified="2007-04-24T11:05+01:00">
			<NameFirst>Tomasz</NameFirst>
			<NameLast>Arendarski</NameLast>
		</Author>
	
		<Author Id="nq4ns3m05qbg5p" DateModified="2007-04-24T11:05+01:00">
			<NameFirst>Marta</NameFirst>
			<NameLast>Broś-Rudnicka</NameLast>
		</Author>
	
		<Author Id="e3l1qst05qbg5p" DateModified="2009-09-07T12:43+01:00">
			<NameFirst>Marta</NameFirst>
			<NameLast>Centkowska, Paweł Denert</NameLast>
		</Author>
	
		<Author Id="8goupvd05qbg5p" DateModified="2007-04-24T11:05+01:00">
			<NameFirst>Julitta</NameFirst>
			<NameLast>Chmiel-Sobieralska</NameLast>
		</Author>
	
		<Author Id="devdpct08kvjnn" DateModified="2010-03-16T13:36+01:00">
			<NameFirst>Łukasz</NameFirst>
			<NameLast>Chruszczewski</NameLast>
		</Author>
	
		<Author Id="vr2tquv05qbg5p" DateModified="2007-04-24T11:05+01:00">
			<NameFirst>Paweł</NameFirst>
			<NameLast>Cogiel</NameLast>
		</Author>
	
		<Author Id="pfrk4rn07as04g" DateModified="2008-10-21T11:20+01:00">
			<NameFirst>Małgorzata</NameFirst>
			<NameLast>Doroz-Turek</NameLast>
		</Author>
	
		<Author Id="a97fmmp06dbq2h" DateModified="2007-10-29T09:07+01:00">
			<NameFirst>Gracjan</NameFirst>
			<NameLast>Drifkowski</NameLast>
		</Author>
	
		<Author Id="5racp0l05qbg5p" DateModified="2007-04-24T11:05+01:00">
			<NameFirst>Artur</NameFirst>
			<NameLast>Fryszka</NameLast>
		</Author>
	
		<Author Id="b57lr3205qbg5p" DateModified="2007-04-24T11:05+01:00">
			<NameFirst>Agnieszka</NameFirst>
			<NameLast>Górna</NameLast>
		</Author>
	
		<Author Id="qbhrpau05qbg5p" DateModified="2007-04-24T11:05+01:00">
			<NameFirst>Jowita</NameFirst>
			<NameLast>Gross-Mazurska</NameLast>
		</Author>
	
		<Author Id="rmr61rb07k0nak" DateModified="2009-02-09T11:47+01:00">
			<NameFirst>Maciej</NameFirst>
			<NameLast>Jagodziński</NameLast>
		</Author>
	
		<Author Id="hvl8qe405qbg5p" DateModified="2007-04-24T11:05+01:00">
			<NameFirst>Patryk</NameFirst>
			<NameLast>Jamiołkowski</NameLast>
		</Author>
	
		<Author Id="8b59qg605qbg5p" DateModified="2009-09-07T12:42+01:00">
			<NameFirst>Karolina</NameFirst>
			<NameLast>Janduła, Robert Frydel, Piotr Rabiej</NameLast>
		</Author>
	
		<Author Id="n0kuq5i05qbg5p" DateModified="2007-09-28T08:49+01:00">
			<NameFirst>Eryk T.</NameFirst>
			<NameLast>Jankowski</NameLast>
		</Author>
	
		<Author Id="t1ijp2n05qbg5p" DateModified="2007-04-24T11:05+01:00">
			<NameFirst>Mariusz</NameFirst>
			<NameLast>Jaworski</NameLast>
		</Author>
	
		<Author Id="8a3cr1005qbg5p" DateModified="2007-08-27T13:20+01:00">
			<NameFirst>Dominika</NameFirst>
			<NameLast>Kintzi-Kmiecik</NameLast>
		</Author>
	
		<Author Id="f5scqka05qbg5p" DateModified="2007-04-24T11:05+01:00">
			<NameFirst>Grzegorz</NameFirst>
			<NameLast>Kmiecik</NameLast>
		</Author>
	
		<Author Id="ntdsrb605qbg5p" DateModified="2007-04-24T11:05+01:00">
			<NameFirst>Piotr</NameFirst>
			<NameLast>Kmiecik</NameLast>
		</Author>
	
		<Author Id="9nivm0e0a19m9a" DateModified="2011-09-05T09:17+01:00">
			<NameFirst>Andrzej</NameFirst>
			<NameLast>Kowalski</NameLast>
		</Author>
	
		<Author Id="rlog3md07ap6rj" DateModified="2010-03-22T14:09+01:00">
			<NameFirst>Anna</NameFirst>
			<NameLast>Krajewska-Ludwiczuk</NameLast>
		</Author>
	
		<Author Id="b0t1r9505qbg5p" DateModified="2007-04-24T11:05+01:00">
			<NameFirst>Kacper</NameFirst>
			<NameLast>Kramarczyk</NameLast>
		</Author>
	
		<Author Id="ptlipra05qbg5p" DateModified="2007-04-24T11:05+01:00">
			<NameFirst>Andrzej</NameFirst>
			<NameLast>Krasiński</NameLast>
		</Author>
	
		<Author Id="auh8rpg05qbg5p" DateModified="2007-04-24T11:05+01:00">
			<NameFirst>Agata</NameFirst>
			<NameLast>Krowicka</NameLast>
		</Author>
	
		<Author Id="vrlbp8s05qbg5p" DateModified="2007-04-24T11:05+01:00">
			<NameFirst>Michał</NameFirst>
			<NameLast>Lipski</NameLast>
		</Author>
	
		<Author Id="ml2dph405qbg5p" DateModified="2007-04-24T11:05+01:00">
			<NameFirst>Dominik</NameFirst>
			<NameLast>Łukawski</NameLast>
		</Author>
	
		<Author Id="tpkorrh05qbg5p" DateModified="2007-04-24T11:05+01:00">
			<NameFirst>Bogusław</NameFirst>
			<NameLast>Marcjasz</NameLast>
		</Author>
	
		<Author Id="r0jb51v065ckpk" DateModified="2007-07-24T14:33+01:00">
			<NameFirst>Anna</NameFirst>
			<NameLast>Marcjasz</NameLast>
		</Author>
	
		<Author Id="sln8pj505qbg5p" DateModified="2007-04-24T11:05+01:00">
			<NameFirst>Małgorzata</NameFirst>
			<NameLast>Matkowska</NameLast>
		</Author>
	
		<Author Id="cbcipd005qbg5p" DateModified="2007-04-24T11:05+01:00">
			<NameFirst>Artur</NameFirst>
			<NameLast>Mazurski</NameLast>
		</Author>
	
		<Author Id="rj6gpf205qbg5p" DateModified="2007-04-24T11:05+01:00">
			<NameFirst>Karolina</NameFirst>
			<NameLast>Michalska</NameLast>
		</Author>
	
		<Author Id="e6miqmo05qbg5p" DateModified="2007-04-24T11:05+01:00">
			<NameFirst>Marcin</NameFirst>
			<NameLast>Michalski</NameLast>
		</Author>
	
		<Author Id="4rkepn805qbg5p" DateModified="2007-04-24T11:05+01:00">
			<NameFirst>Wojciech</NameFirst>
			<NameLast>Napierała</NameLast>
		</Author>
	
		<Author Id="eigarha05qbg5p" DateModified="2007-07-26T07:42+01:00">
			<NameFirst>Małgorzata</NameFirst>
			<NameLast>Ochman-Woźny</NameLast>
		</Author>
	
		<Author Id="94hdqop05qbg5p" DateModified="2007-04-24T11:05+01:00">
			<NameFirst>Marek</NameFirst>
			<NameLast>Oczkowski</NameLast>
		</Author>
	
		<Author Id="ths1r5305qbg5p" DateModified="2007-04-24T11:05+01:00">
			<NameFirst>Urszula</NameFirst>
			<NameLast>Orzechowska</NameLast>
		</Author>
	
		<Author Id="9mgmsga06qpriu" DateModified="2010-11-12T09:19+01:00">
			<NameFirst>Agnieszka</NameFirst>
			<NameLast>Owocka</NameLast>
		</Author>
	
		<Author Id="dvpkq3g05qbg5p" DateModified="2007-04-24T11:05+01:00">
			<NameFirst>Dorota</NameFirst>
			<NameLast>Palmączyńska</NameLast>
		</Author>
	
		<Author Id="4j281kl06qs4jd" DateModified="2008-04-10T08:16+01:00">
			<NameFirst>Grzegorz</NameFirst>
			<NameLast>Pik</NameLast>
		</Author>
	
		<Author Id="gnp4rd805qbg5p" DateModified="2007-04-24T11:05+01:00">
			<NameFirst>Tomasz</NameFirst>
			<NameLast>Pochylski</NameLast>
		</Author>
	
		<Author Id="9a7jke80defpnr" DateModified="2016-12-08T00:00+01:00">
			<NameFirst>Agata</NameFirst>
			<NameLast>Przewłoka</NameLast>
		</Author>
	
		<Author Id="f2n4qa105qbg5p" DateModified="2007-09-06T06:57+01:00">
			<NameFirst>Karolina</NameFirst>
			<NameLast>Raczkowska</NameLast>
		</Author>
	
		<Author Id="cn9dq1e05qbg5p" DateModified="2007-04-24T11:05+01:00">
			<NameFirst>Robert</NameFirst>
			<NameLast>Romanowicz</NameLast>
		</Author>
	
		<Author Id="ddgdrjb05qbg5p" DateModified="2007-04-24T11:05+01:00">
			<NameFirst>Małgorzata</NameFirst>
			<NameLast>Romanowicz</NameLast>
		</Author>
	
		<Author Id="t7rlpl705qbg5p" DateModified="2007-04-24T11:05+01:00">
			<NameFirst>Małgorzata</NameFirst>
			<NameLast>Rosołowska</NameLast>
		</Author>
	
		<Author Id="agu6s1l05qbg5p" DateModified="2007-04-24T11:05+01:00">
			<NameFirst>Maciej</NameFirst>
			<NameLast>Rudnicki</NameLast>
		</Author>
	
		<Author Id="jfa7rvk05qbg5p" DateModified="2007-04-24T11:05+01:00">
			<NameFirst>Marcin</NameFirst>
			<NameLast>Sarama</NameLast>
		</Author>
	
		<Author Id="tmp4p4p05qbg5p" DateModified="2007-04-24T11:05+01:00">
			<NameFirst>Sylwia</NameFirst>
			<NameLast>Sikora</NameLast>
		</Author>
	
		<Author Id="oge59le08m1nb1" DateModified="2010-03-29T12:06+01:00">
			<NameFirst>Małgorzata</NameFirst>
			<NameLast>Simla</NameLast>
		</Author>
	
		<Author Id="je4prne05qbg5p" DateModified="2010-08-04T08:08+01:00">
			<NameFirst>Joanna</NameFirst>
			<NameLast>Skoczylas-Kunda</NameLast>
		</Author>
	
		<Author Id="4ccir7405qbg5p" DateModified="2007-04-24T11:05+01:00">
			<NameFirst>Ewa</NameFirst>
			<NameLast>Słota</NameLast>
		</Author>
	
		<Author Id="n6hp4d809v4vfk" DateModified="2011-08-10T07:51+01:00">
			<NameFirst>Wojciech</NameFirst>
			<NameLast>Szczepański</NameLast>
		</Author>
	
		<Author Id="rtjmqc305qbg5p" DateModified="2007-04-24T11:05+01:00">
			<NameFirst>Marek</NameFirst>
			<NameLast>Szpinda</NameLast>
		</Author>
	
		<Author Id="vgooqi805qbg5p" DateModified="2007-04-24T11:05+01:00">
			<NameFirst>Tomasz</NameFirst>
			<NameLast>Szubelak</NameLast>
		</Author>
	
		<Author Id="1bd0bsq06deb2f" DateModified="2013-02-04T19:25+01:00">
			<NameFirst>Anna</NameFirst>
			<NameLast>Tarasewicz</NameLast>
		</Author>
	
		<Author Id="2eovqqr05qbg5p" DateModified="2007-04-24T11:05+01:00">
			<NameFirst>Andrzej</NameFirst>
			<NameLast>Tatarek</NameLast>
		</Author>
	
		<Author Id="uh8mq8005qbg5p" DateModified="2007-04-24T11:05+01:00">
			<NameFirst>Joanna</NameFirst>
			<NameLast>Wilk</NameLast>
		</Author>
	
		<Author Id="vsufosg05qbg5p" DateModified="2007-04-24T11:05+01:00">
			<NameFirst>Artur</NameFirst>
			<NameLast>Wójciak</NameLast>
		</Author>
	
		<Author Id="mmhgouj05qbg5p" DateModified="2007-04-24T11:05+01:00">
			<NameFirst>Robert</NameFirst>
			<NameLast>Wójciak</NameLast>
		</Author>
	
		<Author Id="s296p6r05qbg5p" DateModified="2007-04-24T11:05+01:00">
			<NameFirst>Natalia</NameFirst>
			<NameLast>Zamorska-Downer</NameLast>
		</Author>
	
		<Author Id="3rv6rlc05qbg5p" DateModified="2007-04-24T11:05+01:00">
			<NameFirst>Urszula</NameFirst>
			<NameLast>Zbierska</NameLast>
		</Author>
	
</Authors>