<?xml version="1.0" encoding="UTF-8"?>
<Storeys>
	
			
			<Storey Id="kd08tf605rb85u">Piwnica</Storey>
		
	
			
			<Storey Id="bad412q07arj3p">Przyziemie</Storey>
		
	
			
			<Storey Id="1if1tik05rb85u">Parter</Storey>
		
	
			
			<Storey Id="puvpps106gtmjv">Parter wersja II</Storey>
		
	
			
			<Storey Id="ookef4l07jmfc3">Półpiętro</Storey>
		
	
			
			<Storey Id="6dlstm705rb85u">Piętro I</Storey>
		
	
			
			<Storey Id="vh8jtpq05rb85u">Piętro II</Storey>
		
	
			
			<Storey Id="tglstte05rb85u">Poddasze</Storey>
		
	
			
			<Storey Id="psr01gk07aouq4">Poddasze do adaptacji</Storey>
		
	
			
			<Storey Id="m372hg906qseap">Poddasze II</Storey>
		
	
			
			<Storey Id="faj0tu005v66is">Poddasze wersja II</Storey>
		
	
			
			<Storey Id="0tnou1105rb85u">Strych</Storey>
		
	
			
			<Storey Id="vt5nvuo06qs0k4">Antresola</Storey>
		
	
</Storeys>